periode,lapangan_id,kategori_biaya,jenis,nilai_usd
2023-01,F01,Well Services,OPEX,85728.66
2023-01,F01,Facility O&M,OPEX,138241.45
2023-01,F01,Chemicals,OPEX,56479.38
2023-01,F01,Power & Fuel,OPEX,174034.02
2023-01,F01,Transportation,OPEX,95327.95
2023-01,F01,Manpower,OPEX,219757.56
2023-01,F01,HSE & Environment,OPEX,51677.16
2023-01,F01,G&A Allocation,OPEX,104034.81
2023-01,F01,Workover,OPEX,45450.59
2023-01,F02,Well Services,OPEX,120769.34
2023-01,F02,Facility O&M,OPEX,109744.77
2023-01,F02,Chemicals,OPEX,67580.9
2023-01,F02,Power & Fuel,OPEX,194635.11
2023-01,F02,Transportation,OPEX,82546.33
2023-01,F02,Manpower,OPEX,173625.97
2023-01,F02,HSE & Environment,OPEX,36526.26
2023-01,F02,G&A Allocation,OPEX,95896.26
2023-01,F02,Facility Upgrade,CAPEX,4484506.39
2023-01,F02,Workover,OPEX,50037.16
2023-01,F03,Well Services,OPEX,259760.6
2023-01,F03,Facility O&M,OPEX,420291.11
2023-01,F03,Chemicals,OPEX,182751.33
2023-01,F03,Power & Fuel,OPEX,614924.61
2023-01,F03,Transportation,OPEX,218691.16
2023-01,F03,Manpower,OPEX,669350.82
2023-01,F03,HSE & Environment,OPEX,110782.82
2023-01,F03,G&A Allocation,OPEX,340166.7
2023-01,F03,Workover,OPEX,191566.33
2023-01,F04,Well Services,OPEX,222745.56
2023-01,F04,Facility O&M,OPEX,327124.43
2023-01,F04,Chemicals,OPEX,198225.25
2023-01,F04,Power & Fuel,OPEX,497969.17
2023-01,F04,Transportation,OPEX,265089.6
2023-01,F04,Manpower,OPEX,557884.78
2023-01,F04,HSE & Environment,OPEX,120094.67
2023-01,F04,G&A Allocation,OPEX,241847.27
2023-01,F04,Workover,OPEX,170043.16
2023-02,F01,Well Services,OPEX,83103.91
2023-02,F01,Facility O&M,OPEX,121213.7
2023-02,F01,Chemicals,OPEX,71546.02
2023-02,F01,Power & Fuel,OPEX,173175.57
2023-02,F01,Transportation,OPEX,84928.51
2023-02,F01,Manpower,OPEX,187980.64
2023-02,F01,HSE & Environment,OPEX,46416.25
2023-02,F01,G&A Allocation,OPEX,83604.78
2023-02,F01,Workover,OPEX,52879.6
2023-02,F02,Well Services,OPEX,96535.35
2023-02,F02,Facility O&M,OPEX,103354.79
2023-02,F02,Chemicals,OPEX,61585.2
2023-02,F02,Power & Fuel,OPEX,116554.36
2023-02,F02,Transportation,OPEX,84561.31
2023-02,F02,Manpower,OPEX,148667.33
2023-02,F02,HSE & Environment,OPEX,36323.03
2023-02,F02,G&A Allocation,OPEX,69252.38
2023-02,F02,Workover,OPEX,41267.66
2023-02,F03,Well Services,OPEX,227022.89
2023-02,F03,Facility O&M,OPEX,258994.05
2023-02,F03,Chemicals,OPEX,154551.81
2023-02,F03,Power & Fuel,OPEX,461178.74
2023-02,F03,Transportation,OPEX,209696.89
2023-02,F03,Manpower,OPEX,486567.77
2023-02,F03,HSE & Environment,OPEX,109627.74
2023-02,F03,G&A Allocation,OPEX,263737.82
2023-02,F03,Drilling,CAPEX,350409.77
2023-02,F03,Facility Upgrade,CAPEX,4347303.07
2023-02,F03,Workover,OPEX,115795.26
2023-02,F04,Well Services,OPEX,234937.23
2023-02,F04,Facility O&M,OPEX,344583.6
2023-02,F04,Chemicals,OPEX,155801.48
2023-02,F04,Power & Fuel,OPEX,357410.63
2023-02,F04,Transportation,OPEX,231391.07
2023-02,F04,Manpower,OPEX,390588.64
2023-02,F04,HSE & Environment,OPEX,118700.57
2023-02,F04,G&A Allocation,OPEX,255566.24
2023-02,F04,Workover,OPEX,164080.87
2023-03,F01,Well Services,OPEX,116020.35
2023-03,F01,Facility O&M,OPEX,100200.65
2023-03,F01,Chemicals,OPEX,64000.15
2023-03,F01,Power & Fuel,OPEX,165944.73
2023-03,F01,Transportation,OPEX,63545.61
2023-03,F01,Manpower,OPEX,212303.02
2023-03,F01,HSE & Environment,OPEX,47561.57
2023-03,F01,G&A Allocation,OPEX,86269.02
2023-03,F01,Workover,OPEX,53244.47
2023-03,F02,Well Services,OPEX,88657.38
2023-03,F02,Facility O&M,OPEX,123119.29
2023-03,F02,Chemicals,OPEX,66199.94
2023-03,F02,Power & Fuel,OPEX,146113.94
2023-03,F02,Transportation,OPEX,74674.54
2023-03,F02,Manpower,OPEX,147185.96
2023-03,F02,HSE & Environment,OPEX,45516.86
2023-03,F02,G&A Allocation,OPEX,105217.57
2023-03,F02,Workover,OPEX,63294.83
2023-03,F03,Well Services,OPEX,297170.62
2023-03,F03,Facility O&M,OPEX,342982.46
2023-03,F03,Chemicals,OPEX,203946.06
2023-03,F03,Power & Fuel,OPEX,402359.37
2023-03,F03,Transportation,OPEX,193226.2
2023-03,F03,Manpower,OPEX,439554.21
2023-03,F03,HSE & Environment,OPEX,156436.74
2023-03,F03,G&A Allocation,OPEX,231598.81
2023-03,F03,Workover,OPEX,192884.97
2023-03,F04,Well Services,OPEX,303959.94
2023-03,F04,Facility O&M,OPEX,297058.83
2023-03,F04,Chemicals,OPEX,180702.08
2023-03,F04,Power & Fuel,OPEX,425042.92
2023-03,F04,Transportation,OPEX,244554.84
2023-03,F04,Manpower,OPEX,452907.36
2023-03,F04,HSE & Environment,OPEX,98675.44
2023-03,F04,G&A Allocation,OPEX,285333.79
2023-03,F04,Workover,OPEX,120422.02
2023-04,F01,Well Services,OPEX,108697.54
2023-04,F01,Facility O&M,OPEX,92916.85
2023-04,F01,Chemicals,OPEX,62456.93
2023-04,F01,Power & Fuel,OPEX,170439.97
2023-04,F01,Transportation,OPEX,88607.97
2023-04,F01,Manpower,OPEX,194583.38
2023-04,F01,HSE & Environment,OPEX,46945.75
2023-04,F01,G&A Allocation,OPEX,73716.79
2023-04,F01,Workover,OPEX,44309.38
2023-04,F02,Well Services,OPEX,76165.08
2023-04,F02,Facility O&M,OPEX,102190.97
2023-04,F02,Chemicals,OPEX,70054.24
2023-04,F02,Power & Fuel,OPEX,174680.23
2023-04,F02,Transportation,OPEX,75711.56
2023-04,F02,Manpower,OPEX,164536.19
2023-04,F02,HSE & Environment,OPEX,50601.46
2023-04,F02,G&A Allocation,OPEX,95475.37
2023-04,F02,Workover,OPEX,57937.26
2023-04,F03,Well Services,OPEX,295643.77
2023-04,F03,Facility O&M,OPEX,391351.46
2023-04,F03,Chemicals,OPEX,235202.86
2023-04,F03,Power & Fuel,OPEX,403568.24
2023-04,F03,Transportation,OPEX,301441.89
2023-04,F03,Manpower,OPEX,560186.09
2023-04,F03,HSE & Environment,OPEX,152279.4
2023-04,F03,G&A Allocation,OPEX,313670.07
2023-04,F03,Workover,OPEX,185243.8
2023-04,F04,Well Services,OPEX,282374.93
2023-04,F04,Facility O&M,OPEX,306063.28
2023-04,F04,Chemicals,OPEX,132727.95
2023-04,F04,Power & Fuel,OPEX,446211.17
2023-04,F04,Transportation,OPEX,175222.89
2023-04,F04,Manpower,OPEX,567712.58
2023-04,F04,HSE & Environment,OPEX,134900.33
2023-04,F04,G&A Allocation,OPEX,276803.56
2023-04,F04,Workover,OPEX,163247.53
2023-05,F01,Well Services,OPEX,92238.07
2023-05,F01,Facility O&M,OPEX,162466.88
2023-05,F01,Chemicals,OPEX,62356.44
2023-05,F01,Power & Fuel,OPEX,191956.45
2023-05,F01,Transportation,OPEX,71602.08
2023-05,F01,Manpower,OPEX,222810.98
2023-05,F01,HSE & Environment,OPEX,41222.85
2023-05,F01,G&A Allocation,OPEX,111066.05
2023-05,F01,Workover,OPEX,63822.34
2023-05,F02,Well Services,OPEX,101209.17
2023-05,F02,Facility O&M,OPEX,101622.22
2023-05,F02,Chemicals,OPEX,55259.59
2023-05,F02,Power & Fuel,OPEX,136978.98
2023-05,F02,Transportation,OPEX,69251.29
2023-05,F02,Manpower,OPEX,208230.28
2023-05,F02,HSE & Environment,OPEX,38530.9
2023-05,F02,G&A Allocation,OPEX,70605.41
2023-05,F02,Workover,OPEX,62235.71
2023-05,F03,Well Services,OPEX,312975.42
2023-05,F03,Facility O&M,OPEX,450044.56
2023-05,F03,Chemicals,OPEX,175566.54
2023-05,F03,Power & Fuel,OPEX,435940.63
2023-05,F03,Transportation,OPEX,258301.32
2023-05,F03,Manpower,OPEX,482446.66
2023-05,F03,HSE & Environment,OPEX,176946.61
2023-05,F03,G&A Allocation,OPEX,238584.98
2023-05,F03,Workover,OPEX,205943.7
2023-05,F04,Well Services,OPEX,251026.49
2023-05,F04,Facility O&M,OPEX,305512.48
2023-05,F04,Chemicals,OPEX,156940.55
2023-05,F04,Power & Fuel,OPEX,369998.03
2023-05,F04,Transportation,OPEX,204569.66
2023-05,F04,Manpower,OPEX,513811.92
2023-05,F04,HSE & Environment,OPEX,130771.95
2023-05,F04,G&A Allocation,OPEX,252357.75
2023-05,F04,Workover,OPEX,132979.21
2023-06,F01,Well Services,OPEX,115462.65
2023-06,F01,Facility O&M,OPEX,103725.03
2023-06,F01,Chemicals,OPEX,56294.57
2023-06,F01,Power & Fuel,OPEX,202737.69
2023-06,F01,Transportation,OPEX,101115.13
2023-06,F01,Manpower,OPEX,159219.13
2023-06,F01,HSE & Environment,OPEX,52404.76
2023-06,F01,G&A Allocation,OPEX,82648.21
2023-06,F01,Workover,OPEX,50074.16
2023-06,F02,Well Services,OPEX,77865.63
2023-06,F02,Facility O&M,OPEX,110961.81
2023-06,F02,Chemicals,OPEX,54179.68
2023-06,F02,Power & Fuel,OPEX,181025.56
2023-06,F02,Transportation,OPEX,89396.88
2023-06,F02,Manpower,OPEX,141199.89
2023-06,F02,HSE & Environment,OPEX,38100.35
2023-06,F02,G&A Allocation,OPEX,86366.15
2023-06,F02,Drilling,CAPEX,3472763.07
2023-06,F02,Workover,OPEX,39879.58
2023-06,F03,Well Services,OPEX,279525.81
2023-06,F03,Facility O&M,OPEX,378361.97
2023-06,F03,Chemicals,OPEX,233976.64
2023-06,F03,Power & Fuel,OPEX,537896.83
2023-06,F03,Transportation,OPEX,205337.55
2023-06,F03,Manpower,OPEX,599987.51
2023-06,F03,HSE & Environment,OPEX,151388.81
2023-06,F03,G&A Allocation,OPEX,267090.27
2023-06,F03,Facility Upgrade,CAPEX,668990.5
2023-06,F03,Workover,OPEX,133094.0
2023-06,F04,Well Services,OPEX,298357.65
2023-06,F04,Facility O&M,OPEX,340353.04
2023-06,F04,Chemicals,OPEX,186280.25
2023-06,F04,Power & Fuel,OPEX,331033.45
2023-06,F04,Transportation,OPEX,196324.01
2023-06,F04,Manpower,OPEX,402227.02
2023-06,F04,HSE & Environment,OPEX,129837.1
2023-06,F04,G&A Allocation,OPEX,204708.93
2023-06,F04,Workover,OPEX,146724.16
2023-07,F01,Well Services,OPEX,126173.3
2023-07,F01,Facility O&M,OPEX,129669.69
2023-07,F01,Chemicals,OPEX,79437.47
2023-07,F01,Power & Fuel,OPEX,178620.32
2023-07,F01,Transportation,OPEX,79948.28
2023-07,F01,Manpower,OPEX,155881.24
2023-07,F01,HSE & Environment,OPEX,53278.48
2023-07,F01,G&A Allocation,OPEX,101536.93
2023-07,F01,Workover,OPEX,51458.88
2023-07,F02,Well Services,OPEX,90062.25
2023-07,F02,Facility O&M,OPEX,124173.41
2023-07,F02,Chemicals,OPEX,55660.09
2023-07,F02,Power & Fuel,OPEX,192902.89
2023-07,F02,Transportation,OPEX,76218.31
2023-07,F02,Manpower,OPEX,212074.81
2023-07,F02,HSE & Environment,OPEX,45488.35
2023-07,F02,G&A Allocation,OPEX,98320.35
2023-07,F02,Workover,OPEX,44958.48
2023-07,F03,Well Services,OPEX,359223.95
2023-07,F03,Facility O&M,OPEX,370489.51
2023-07,F03,Chemicals,OPEX,176657.04
2023-07,F03,Power & Fuel,OPEX,541846.62
2023-07,F03,Transportation,OPEX,216343.06
2023-07,F03,Manpower,OPEX,569800.75
2023-07,F03,HSE & Environment,OPEX,138600.64
2023-07,F03,G&A Allocation,OPEX,329975.62
2023-07,F03,Facility Upgrade,CAPEX,2725465.01
2023-07,F03,Workover,OPEX,130502.67
2023-07,F04,Well Services,OPEX,258122.38
2023-07,F04,Facility O&M,OPEX,294316.71
2023-07,F04,Chemicals,OPEX,168766.99
2023-07,F04,Power & Fuel,OPEX,374866.65
2023-07,F04,Transportation,OPEX,182529.96
2023-07,F04,Manpower,OPEX,356802.38
2023-07,F04,HSE & Environment,OPEX,107796.5
2023-07,F04,G&A Allocation,OPEX,193547.11
2023-07,F04,Drilling,CAPEX,1365423.41
2023-07,F04,Workover,OPEX,107940.67
2023-08,F01,Well Services,OPEX,104676.36
2023-08,F01,Facility O&M,OPEX,111708.35
2023-08,F01,Chemicals,OPEX,78679.54
2023-08,F01,Power & Fuel,OPEX,170087.82
2023-08,F01,Transportation,OPEX,102183.77
2023-08,F01,Manpower,OPEX,201962.37
2023-08,F01,HSE & Environment,OPEX,56698.04
2023-08,F01,G&A Allocation,OPEX,90758.32
2023-08,F01,Workover,OPEX,69959.92
2023-08,F02,Well Services,OPEX,109345.14
2023-08,F02,Facility O&M,OPEX,134157.85
2023-08,F02,Chemicals,OPEX,47769.99
2023-08,F02,Power & Fuel,OPEX,126422.23
2023-08,F02,Transportation,OPEX,85120.14
2023-08,F02,Manpower,OPEX,200424.15
2023-08,F02,HSE & Environment,OPEX,48565.39
2023-08,F02,G&A Allocation,OPEX,82186.66
2023-08,F02,Workover,OPEX,49081.67
2023-08,F03,Well Services,OPEX,303637.1
2023-08,F03,Facility O&M,OPEX,367676.54
2023-08,F03,Chemicals,OPEX,210224.91
2023-08,F03,Power & Fuel,OPEX,485734.14
2023-08,F03,Transportation,OPEX,242059.72
2023-08,F03,Manpower,OPEX,457438.25
2023-08,F03,HSE & Environment,OPEX,128665.4
2023-08,F03,G&A Allocation,OPEX,238067.25
2023-08,F03,Facility Upgrade,CAPEX,570049.18
2023-08,F03,Workover,OPEX,190484.01
2023-08,F04,Well Services,OPEX,317722.58
2023-08,F04,Facility O&M,OPEX,434211.2
2023-08,F04,Chemicals,OPEX,183223.55
2023-08,F04,Power & Fuel,OPEX,466380.17
2023-08,F04,Transportation,OPEX,238886.55
2023-08,F04,Manpower,OPEX,485990.37
2023-08,F04,HSE & Environment,OPEX,131320.23
2023-08,F04,G&A Allocation,OPEX,250079.48
2023-08,F04,Workover,OPEX,191855.32
2023-09,F01,Well Services,OPEX,117553.31
2023-09,F01,Facility O&M,OPEX,144336.65
2023-09,F01,Chemicals,OPEX,64790.1
2023-09,F01,Power & Fuel,OPEX,191183.34
2023-09,F01,Transportation,OPEX,96548.36
2023-09,F01,Manpower,OPEX,215029.97
2023-09,F01,HSE & Environment,OPEX,55181.09
2023-09,F01,G&A Allocation,OPEX,79013.61
2023-09,F01,Workover,OPEX,66627.1
2023-09,F02,Well Services,OPEX,85813.99
2023-09,F02,Facility O&M,OPEX,125192.78
2023-09,F02,Chemicals,OPEX,50988.03
2023-09,F02,Power & Fuel,OPEX,167974.02
2023-09,F02,Transportation,OPEX,82925.17
2023-09,F02,Manpower,OPEX,169833.36
2023-09,F02,HSE & Environment,OPEX,36029.77
2023-09,F02,G&A Allocation,OPEX,80239.21
2023-09,F02,Workover,OPEX,51917.0
2023-09,F03,Well Services,OPEX,226700.09
2023-09,F03,Facility O&M,OPEX,344661.48
2023-09,F03,Chemicals,OPEX,212825.58
2023-09,F03,Power & Fuel,OPEX,522323.43
2023-09,F03,Transportation,OPEX,261039.92
2023-09,F03,Manpower,OPEX,570972.97
2023-09,F03,HSE & Environment,OPEX,140960.47
2023-09,F03,G&A Allocation,OPEX,207616.39
2023-09,F03,Workover,OPEX,178946.67
2023-09,F04,Well Services,OPEX,316727.5
2023-09,F04,Facility O&M,OPEX,433562.6
2023-09,F04,Chemicals,OPEX,177771.51
2023-09,F04,Power & Fuel,OPEX,482808.76
2023-09,F04,Transportation,OPEX,323706.37
2023-09,F04,Manpower,OPEX,705984.33
2023-09,F04,HSE & Environment,OPEX,178914.35
2023-09,F04,G&A Allocation,OPEX,262597.47
2023-09,F04,Drilling,CAPEX,3356099.97
2023-09,F04,Workover,OPEX,161792.48
2023-10,F01,Well Services,OPEX,123067.38
2023-10,F01,Facility O&M,OPEX,101952.13
2023-10,F01,Chemicals,OPEX,62216.37
2023-10,F01,Power & Fuel,OPEX,163736.6
2023-10,F01,Transportation,OPEX,80244.35
2023-10,F01,Manpower,OPEX,176021.77
2023-10,F01,HSE & Environment,OPEX,53214.7
2023-10,F01,G&A Allocation,OPEX,99186.1
2023-10,F01,Workover,OPEX,65336.38
2023-10,F02,Well Services,OPEX,91414.34
2023-10,F02,Facility O&M,OPEX,94687.55
2023-10,F02,Chemicals,OPEX,69510.71
2023-10,F02,Power & Fuel,OPEX,163471.39
2023-10,F02,Transportation,OPEX,84007.3
2023-10,F02,Manpower,OPEX,157358.59
2023-10,F02,HSE & Environment,OPEX,46101.07
2023-10,F02,G&A Allocation,OPEX,93867.1
2023-10,F02,Facility Upgrade,CAPEX,2436794.98
2023-10,F02,Workover,OPEX,41928.77
2023-10,F03,Well Services,OPEX,324225.66
2023-10,F03,Facility O&M,OPEX,391332.56
2023-10,F03,Chemicals,OPEX,191313.5
2023-10,F03,Power & Fuel,OPEX,406409.83
2023-10,F03,Transportation,OPEX,261666.48
2023-10,F03,Manpower,OPEX,467601.7
2023-10,F03,HSE & Environment,OPEX,120942.13
2023-10,F03,G&A Allocation,OPEX,340216.65
2023-10,F03,Workover,OPEX,162994.08
2023-10,F04,Well Services,OPEX,338318.82
2023-10,F04,Facility O&M,OPEX,343285.83
2023-10,F04,Chemicals,OPEX,241533.82
2023-10,F04,Power & Fuel,OPEX,462207.37
2023-10,F04,Transportation,OPEX,299296.34
2023-10,F04,Manpower,OPEX,707369.7
2023-10,F04,HSE & Environment,OPEX,123193.01
2023-10,F04,G&A Allocation,OPEX,325824.17
2023-10,F04,Workover,OPEX,154871.1
2023-11,F01,Well Services,OPEX,115370.57
2023-11,F01,Facility O&M,OPEX,149277.1
2023-11,F01,Chemicals,OPEX,62703.64
2023-11,F01,Power & Fuel,OPEX,156001.54
2023-11,F01,Transportation,OPEX,82107.45
2023-11,F01,Manpower,OPEX,198387.43
2023-11,F01,HSE & Environment,OPEX,46129.8
2023-11,F01,G&A Allocation,OPEX,114231.53
2023-11,F01,Workover,OPEX,54842.13
2023-11,F02,Well Services,OPEX,96097.25
2023-11,F02,Facility O&M,OPEX,111494.29
2023-11,F02,Chemicals,OPEX,56871.33
2023-11,F02,Power & Fuel,OPEX,162248.07
2023-11,F02,Transportation,OPEX,82162.35
2023-11,F02,Manpower,OPEX,144761.76
2023-11,F02,HSE & Environment,OPEX,38653.96
2023-11,F02,G&A Allocation,OPEX,65734.45
2023-11,F02,Workover,OPEX,53920.53
2023-11,F03,Well Services,OPEX,257094.78
2023-11,F03,Facility O&M,OPEX,348652.3
2023-11,F03,Chemicals,OPEX,159389.79
2023-11,F03,Power & Fuel,OPEX,489263.68
2023-11,F03,Transportation,OPEX,230137.59
2023-11,F03,Manpower,OPEX,596563.8
2023-11,F03,HSE & Environment,OPEX,129397.52
2023-11,F03,G&A Allocation,OPEX,311487.71
2023-11,F03,Workover,OPEX,167793.94
2023-11,F04,Well Services,OPEX,352738.23
2023-11,F04,Facility O&M,OPEX,324029.5
2023-11,F04,Chemicals,OPEX,187478.57
2023-11,F04,Power & Fuel,OPEX,581119.77
2023-11,F04,Transportation,OPEX,292527.74
2023-11,F04,Manpower,OPEX,566682.38
2023-11,F04,HSE & Environment,OPEX,176423.39
2023-11,F04,G&A Allocation,OPEX,246490.58
2023-11,F04,Workover,OPEX,176408.81
2023-12,F01,Well Services,OPEX,90887.46
2023-12,F01,Facility O&M,OPEX,143631.79
2023-12,F01,Chemicals,OPEX,71932.85
2023-12,F01,Power & Fuel,OPEX,181284.43
2023-12,F01,Transportation,OPEX,93378.36
2023-12,F01,Manpower,OPEX,230225.19
2023-12,F01,HSE & Environment,OPEX,45873.78
2023-12,F01,G&A Allocation,OPEX,92526.31
2023-12,F01,Workover,OPEX,66794.69
2023-12,F02,Well Services,OPEX,93344.33
2023-12,F02,Facility O&M,OPEX,122415.82
2023-12,F02,Chemicals,OPEX,70241.76
2023-12,F02,Power & Fuel,OPEX,153452.94
2023-12,F02,Transportation,OPEX,69986.51
2023-12,F02,Manpower,OPEX,174118.46
2023-12,F02,HSE & Environment,OPEX,43857.61
2023-12,F02,G&A Allocation,OPEX,73755.89
2023-12,F02,Workover,OPEX,43180.33
2023-12,F03,Well Services,OPEX,270144.74
2023-12,F03,Facility O&M,OPEX,279424.44
2023-12,F03,Chemicals,OPEX,148177.83
2023-12,F03,Power & Fuel,OPEX,534322.99
2023-12,F03,Transportation,OPEX,209894.15
2023-12,F03,Manpower,OPEX,519955.38
2023-12,F03,HSE & Environment,OPEX,107902.74
2023-12,F03,G&A Allocation,OPEX,235699.38
2023-12,F03,Workover,OPEX,135214.77
2023-12,F04,Well Services,OPEX,338165.81
2023-12,F04,Facility O&M,OPEX,390805.66
2023-12,F04,Chemicals,OPEX,180110.68
2023-12,F04,Power & Fuel,OPEX,452734.77
2023-12,F04,Transportation,OPEX,252102.78
2023-12,F04,Manpower,OPEX,562494.54
2023-12,F04,HSE & Environment,OPEX,141108.99
2023-12,F04,G&A Allocation,OPEX,290397.28
2023-12,F04,Workover,OPEX,162001.33
2024-01,F01,Well Services,OPEX,134906.99
2024-01,F01,Facility O&M,OPEX,126415.38
2024-01,F01,Chemicals,OPEX,86971.01
2024-01,F01,Power & Fuel,OPEX,177573.6
2024-01,F01,Transportation,OPEX,75693.98
2024-01,F01,Manpower,OPEX,168953.42
2024-01,F01,HSE & Environment,OPEX,48525.35
2024-01,F01,G&A Allocation,OPEX,94793.11
2024-01,F01,Drilling,CAPEX,1528514.91
2024-01,F01,Facility Upgrade,CAPEX,754291.42
2024-01,F01,Workover,OPEX,59714.73
2024-01,F02,Well Services,OPEX,72298.8
2024-01,F02,Facility O&M,OPEX,109630.46
2024-01,F02,Chemicals,OPEX,57843.5
2024-01,F02,Power & Fuel,OPEX,145619.89
2024-01,F02,Transportation,OPEX,68632.72
2024-01,F02,Manpower,OPEX,169855.46
2024-01,F02,HSE & Environment,OPEX,41111.29
2024-01,F02,G&A Allocation,OPEX,88315.02
2024-01,F02,Workover,OPEX,46971.29
2024-01,F03,Well Services,OPEX,277448.23
2024-01,F03,Facility O&M,OPEX,304887.87
2024-01,F03,Chemicals,OPEX,158892.6
2024-01,F03,Power & Fuel,OPEX,550136.49
2024-01,F03,Transportation,OPEX,178967.3
2024-01,F03,Manpower,OPEX,545530.14
2024-01,F03,HSE & Environment,OPEX,122135.36
2024-01,F03,G&A Allocation,OPEX,222235.53
2024-01,F03,Drilling,CAPEX,3061944.98
2024-01,F03,Workover,OPEX,177097.95
2024-01,F04,Well Services,OPEX,413164.43
2024-01,F04,Facility O&M,OPEX,387657.7
2024-01,F04,Chemicals,OPEX,180118.94
2024-01,F04,Power & Fuel,OPEX,674697.97
2024-01,F04,Transportation,OPEX,265227.98
2024-01,F04,Manpower,OPEX,521152.58
2024-01,F04,HSE & Environment,OPEX,163474.71
2024-01,F04,G&A Allocation,OPEX,332467.98
2024-01,F04,Workover,OPEX,162372.7
2024-02,F01,Well Services,OPEX,91165.65
2024-02,F01,Facility O&M,OPEX,134070.07
2024-02,F01,Chemicals,OPEX,71738.67
2024-02,F01,Power & Fuel,OPEX,202027.25
2024-02,F01,Transportation,OPEX,81652.55
2024-02,F01,Manpower,OPEX,239914.9
2024-02,F01,HSE & Environment,OPEX,54466.47
2024-02,F01,G&A Allocation,OPEX,81256.78
2024-02,F01,Facility Upgrade,CAPEX,3104336.29
2024-02,F01,Workover,OPEX,55032.45
2024-02,F02,Well Services,OPEX,106549.17
2024-02,F02,Facility O&M,OPEX,85273.8
2024-02,F02,Chemicals,OPEX,60374.42
2024-02,F02,Power & Fuel,OPEX,138602.75
2024-02,F02,Transportation,OPEX,67191.7
2024-02,F02,Manpower,OPEX,136868.39
2024-02,F02,HSE & Environment,OPEX,41291.29
2024-02,F02,G&A Allocation,OPEX,79804.45
2024-02,F02,Workover,OPEX,55706.25
2024-02,F03,Well Services,OPEX,294689.81
2024-02,F03,Facility O&M,OPEX,367703.99
2024-02,F03,Chemicals,OPEX,153337.93
2024-02,F03,Power & Fuel,OPEX,353343.77
2024-02,F03,Transportation,OPEX,184390.15
2024-02,F03,Manpower,OPEX,421398.62
2024-02,F03,HSE & Environment,OPEX,118605.75
2024-02,F03,G&A Allocation,OPEX,264375.63
2024-02,F03,Facility Upgrade,CAPEX,4454789.87
2024-02,F03,Workover,OPEX,140105.75
2024-02,F04,Well Services,OPEX,417471.87
2024-02,F04,Facility O&M,OPEX,469519.23
2024-02,F04,Chemicals,OPEX,186729.61
2024-02,F04,Power & Fuel,OPEX,483623.59
2024-02,F04,Transportation,OPEX,291984.64
2024-02,F04,Manpower,OPEX,587976.96
2024-02,F04,HSE & Environment,OPEX,148018.85
2024-02,F04,G&A Allocation,OPEX,303717.8
2024-02,F04,Drilling,CAPEX,2540757.99
2024-02,F04,Workover,OPEX,200483.47
2024-03,F01,Well Services,OPEX,139009.75
2024-03,F01,Facility O&M,OPEX,148885.45
2024-03,F01,Chemicals,OPEX,68069.65
2024-03,F01,Power & Fuel,OPEX,189609.14
2024-03,F01,Transportation,OPEX,84573.67
2024-03,F01,Manpower,OPEX,194955.81
2024-03,F01,HSE & Environment,OPEX,45792.25
2024-03,F01,G&A Allocation,OPEX,89009.33
2024-03,F01,Workover,OPEX,72212.68
2024-03,F02,Well Services,OPEX,113415.78
2024-03,F02,Facility O&M,OPEX,108686.86
2024-03,F02,Chemicals,OPEX,64254.46
2024-03,F02,Power & Fuel,OPEX,198175.96
2024-03,F02,Transportation,OPEX,77120.79
2024-03,F02,Manpower,OPEX,219811.1
2024-03,F02,HSE & Environment,OPEX,47503.8
2024-03,F02,G&A Allocation,OPEX,113462.2
2024-03,F02,Workover,OPEX,57100.25
2024-03,F03,Well Services,OPEX,257727.85
2024-03,F03,Facility O&M,OPEX,321959.83
2024-03,F03,Chemicals,OPEX,211411.0
2024-03,F03,Power & Fuel,OPEX,548395.45
2024-03,F03,Transportation,OPEX,207110.7
2024-03,F03,Manpower,OPEX,461914.72
2024-03,F03,HSE & Environment,OPEX,103630.74
2024-03,F03,G&A Allocation,OPEX,240099.52
2024-03,F03,Drilling,CAPEX,3740007.69
2024-03,F03,Facility Upgrade,CAPEX,870701.85
2024-03,F03,Workover,OPEX,120654.17
2024-03,F04,Well Services,OPEX,304049.5
2024-03,F04,Facility O&M,OPEX,369308.58
2024-03,F04,Chemicals,OPEX,251655.79
2024-03,F04,Power & Fuel,OPEX,718666.55
2024-03,F04,Transportation,OPEX,337583.77
2024-03,F04,Manpower,OPEX,695950.99
2024-03,F04,HSE & Environment,OPEX,160698.88
2024-03,F04,G&A Allocation,OPEX,387241.98
2024-03,F04,Workover,OPEX,216701.47
2024-04,F01,Well Services,OPEX,121152.13
2024-04,F01,Facility O&M,OPEX,164619.55
2024-04,F01,Chemicals,OPEX,77167.73
2024-04,F01,Power & Fuel,OPEX,222581.52
2024-04,F01,Transportation,OPEX,74722.41
2024-04,F01,Manpower,OPEX,235826.72
2024-04,F01,HSE & Environment,OPEX,61262.34
2024-04,F01,G&A Allocation,OPEX,94464.68
2024-04,F01,Workover,OPEX,56939.9
2024-04,F02,Well Services,OPEX,111322.02
2024-04,F02,Facility O&M,OPEX,145221.43
2024-04,F02,Chemicals,OPEX,64183.61
2024-04,F02,Power & Fuel,OPEX,211404.85
2024-04,F02,Transportation,OPEX,88139.15
2024-04,F02,Manpower,OPEX,189395.19
2024-04,F02,HSE & Environment,OPEX,48112.87
2024-04,F02,G&A Allocation,OPEX,100668.85
2024-04,F02,Workover,OPEX,59616.1
2024-04,F03,Well Services,OPEX,273783.51
2024-04,F03,Facility O&M,OPEX,236977.09
2024-04,F03,Chemicals,OPEX,148812.83
2024-04,F03,Power & Fuel,OPEX,451894.92
2024-04,F03,Transportation,OPEX,170261.17
2024-04,F03,Manpower,OPEX,545771.48
2024-04,F03,HSE & Environment,OPEX,112834.38
2024-04,F03,G&A Allocation,OPEX,247657.98
2024-04,F03,Facility Upgrade,CAPEX,2065444.95
2024-04,F03,Workover,OPEX,141747.73
2024-04,F04,Well Services,OPEX,411432.31
2024-04,F04,Facility O&M,OPEX,474131.44
2024-04,F04,Chemicals,OPEX,187956.26
2024-04,F04,Power & Fuel,OPEX,668945.9
2024-04,F04,Transportation,OPEX,266146.14
2024-04,F04,Manpower,OPEX,711930.67
2024-04,F04,HSE & Environment,OPEX,185879.66
2024-04,F04,G&A Allocation,OPEX,369233.25
2024-04,F04,Workover,OPEX,194274.94
2024-05,F01,Well Services,OPEX,132678.55
2024-05,F01,Facility O&M,OPEX,119201.14
2024-05,F01,Chemicals,OPEX,94401.2
2024-05,F01,Power & Fuel,OPEX,197068.05
2024-05,F01,Transportation,OPEX,117924.58
2024-05,F01,Manpower,OPEX,255597.05
2024-05,F01,HSE & Environment,OPEX,63762.44
2024-05,F01,G&A Allocation,OPEX,110820.88
2024-05,F01,Workover,OPEX,70526.22
2024-05,F02,Well Services,OPEX,92647.06
2024-05,F02,Facility O&M,OPEX,106004.36
2024-05,F02,Chemicals,OPEX,55621.34
2024-05,F02,Power & Fuel,OPEX,186392.75
2024-05,F02,Transportation,OPEX,97719.13
2024-05,F02,Manpower,OPEX,201318.73
2024-05,F02,HSE & Environment,OPEX,54244.24
2024-05,F02,G&A Allocation,OPEX,109869.08
2024-05,F02,Workover,OPEX,57285.37
2024-05,F03,Well Services,OPEX,304202.43
2024-05,F03,Facility O&M,OPEX,311403.76
2024-05,F03,Chemicals,OPEX,168388.24
2024-05,F03,Power & Fuel,OPEX,524346.58
2024-05,F03,Transportation,OPEX,236119.92
2024-05,F03,Manpower,OPEX,503483.71
2024-05,F03,HSE & Environment,OPEX,108837.08
2024-05,F03,G&A Allocation,OPEX,275892.67
2024-05,F03,Workover,OPEX,134056.08
2024-05,F04,Well Services,OPEX,316870.37
2024-05,F04,Facility O&M,OPEX,395399.95
2024-05,F04,Chemicals,OPEX,200542.3
2024-05,F04,Power & Fuel,OPEX,455591.33
2024-05,F04,Transportation,OPEX,265493.34
2024-05,F04,Manpower,OPEX,544628.61
2024-05,F04,HSE & Environment,OPEX,154104.65
2024-05,F04,G&A Allocation,OPEX,356532.09
2024-05,F04,Workover,OPEX,172130.67
2024-06,F01,Well Services,OPEX,95283.52
2024-06,F01,Facility O&M,OPEX,165640.54
2024-06,F01,Chemicals,OPEX,65925.0
2024-06,F01,Power & Fuel,OPEX,204487.84
2024-06,F01,Transportation,OPEX,112296.43
2024-06,F01,Manpower,OPEX,232174.08
2024-06,F01,HSE & Environment,OPEX,64708.46
2024-06,F01,G&A Allocation,OPEX,118816.1
2024-06,F01,Workover,OPEX,54601.62
2024-06,F02,Well Services,OPEX,94329.09
2024-06,F02,Facility O&M,OPEX,139392.43
2024-06,F02,Chemicals,OPEX,74645.1
2024-06,F02,Power & Fuel,OPEX,193528.95
2024-06,F02,Transportation,OPEX,92362.76
2024-06,F02,Manpower,OPEX,184518.32
2024-06,F02,HSE & Environment,OPEX,45621.03
2024-06,F02,G&A Allocation,OPEX,80778.44
2024-06,F02,Workover,OPEX,59530.57
2024-06,F03,Well Services,OPEX,289961.59
2024-06,F03,Facility O&M,OPEX,246584.36
2024-06,F03,Chemicals,OPEX,194268.49
2024-06,F03,Power & Fuel,OPEX,355087.8
2024-06,F03,Transportation,OPEX,234834.3
2024-06,F03,Manpower,OPEX,392228.39
2024-06,F03,HSE & Environment,OPEX,137234.11
2024-06,F03,G&A Allocation,OPEX,237603.75
2024-06,F03,Workover,OPEX,144717.46
2024-06,F04,Well Services,OPEX,378793.06
2024-06,F04,Facility O&M,OPEX,430206.06
2024-06,F04,Chemicals,OPEX,237555.53
2024-06,F04,Power & Fuel,OPEX,592470.01
2024-06,F04,Transportation,OPEX,291171.32
2024-06,F04,Manpower,OPEX,690774.35
2024-06,F04,HSE & Environment,OPEX,138471.0
2024-06,F04,G&A Allocation,OPEX,325541.91
2024-06,F04,Facility Upgrade,CAPEX,2569977.51
2024-06,F04,Workover,OPEX,186874.42
2024-07,F01,Well Services,OPEX,138366.72
2024-07,F01,Facility O&M,OPEX,149620.08
2024-07,F01,Chemicals,OPEX,80303.98
2024-07,F01,Power & Fuel,OPEX,161028.76
2024-07,F01,Transportation,OPEX,116860.07
2024-07,F01,Manpower,OPEX,177893.75
2024-07,F01,HSE & Environment,OPEX,43176.64
2024-07,F01,G&A Allocation,OPEX,115098.93
2024-07,F01,Workover,OPEX,62479.41
2024-07,F02,Well Services,OPEX,104932.31
2024-07,F02,Facility O&M,OPEX,144589.69
2024-07,F02,Chemicals,OPEX,78659.06
2024-07,F02,Power & Fuel,OPEX,152784.97
2024-07,F02,Transportation,OPEX,103482.1
2024-07,F02,Manpower,OPEX,170145.15
2024-07,F02,HSE & Environment,OPEX,40353.93
2024-07,F02,G&A Allocation,OPEX,87876.96
2024-07,F02,Workover,OPEX,52653.39
2024-07,F03,Well Services,OPEX,239743.12
2024-07,F03,Facility O&M,OPEX,261718.48
2024-07,F03,Chemicals,OPEX,135861.38
2024-07,F03,Power & Fuel,OPEX,466992.93
2024-07,F03,Transportation,OPEX,202922.23
2024-07,F03,Manpower,OPEX,449520.12
2024-07,F03,HSE & Environment,OPEX,104182.25
2024-07,F03,G&A Allocation,OPEX,182912.9
2024-07,F03,Drilling,CAPEX,4600283.0
2024-07,F03,Workover,OPEX,136532.74
2024-07,F04,Well Services,OPEX,328720.49
2024-07,F04,Facility O&M,OPEX,304478.88
2024-07,F04,Chemicals,OPEX,191278.13
2024-07,F04,Power & Fuel,OPEX,518616.92
2024-07,F04,Transportation,OPEX,233623.86
2024-07,F04,Manpower,OPEX,645147.71
2024-07,F04,HSE & Environment,OPEX,163358.77
2024-07,F04,G&A Allocation,OPEX,232520.95
2024-07,F04,Workover,OPEX,197790.12
2024-08,F01,Well Services,OPEX,129518.71
2024-08,F01,Facility O&M,OPEX,157634.06
2024-08,F01,Chemicals,OPEX,67441.99
2024-08,F01,Power & Fuel,OPEX,206844.52
2024-08,F01,Transportation,OPEX,79929.54
2024-08,F01,Manpower,OPEX,232142.27
2024-08,F01,HSE & Environment,OPEX,40397.43
2024-08,F01,G&A Allocation,OPEX,100141.23
2024-08,F01,Workover,OPEX,68386.76
2024-08,F02,Well Services,OPEX,111175.51
2024-08,F02,Facility O&M,OPEX,118570.46
2024-08,F02,Chemicals,OPEX,73127.32
2024-08,F02,Power & Fuel,OPEX,144825.79
2024-08,F02,Transportation,OPEX,95597.88
2024-08,F02,Manpower,OPEX,202606.08
2024-08,F02,HSE & Environment,OPEX,49142.77
2024-08,F02,G&A Allocation,OPEX,117059.87
2024-08,F02,Workover,OPEX,58165.76
2024-08,F03,Well Services,OPEX,203225.48
2024-08,F03,Facility O&M,OPEX,289410.58
2024-08,F03,Chemicals,OPEX,140327.83
2024-08,F03,Power & Fuel,OPEX,356294.07
2024-08,F03,Transportation,OPEX,191400.98
2024-08,F03,Manpower,OPEX,382338.79
2024-08,F03,HSE & Environment,OPEX,126258.0
2024-08,F03,G&A Allocation,OPEX,240856.99
2024-08,F03,Drilling,CAPEX,2276313.63
2024-08,F03,Workover,OPEX,140538.29
2024-08,F04,Well Services,OPEX,290146.73
2024-08,F04,Facility O&M,OPEX,384501.77
2024-08,F04,Chemicals,OPEX,234460.58
2024-08,F04,Power & Fuel,OPEX,596717.53
2024-08,F04,Transportation,OPEX,198722.01
2024-08,F04,Manpower,OPEX,663146.26
2024-08,F04,HSE & Environment,OPEX,151580.12
2024-08,F04,G&A Allocation,OPEX,241969.3
2024-08,F04,Workover,OPEX,147631.62
2024-09,F01,Well Services,OPEX,98787.14
2024-09,F01,Facility O&M,OPEX,139831.93
2024-09,F01,Chemicals,OPEX,89405.13
2024-09,F01,Power & Fuel,OPEX,218159.74
2024-09,F01,Transportation,OPEX,100058.06
2024-09,F01,Manpower,OPEX,183042.92
2024-09,F01,HSE & Environment,OPEX,58961.58
2024-09,F01,G&A Allocation,OPEX,104509.77
2024-09,F01,Workover,OPEX,65224.54
2024-09,F02,Well Services,OPEX,122604.59
2024-09,F02,Facility O&M,OPEX,129855.41
2024-09,F02,Chemicals,OPEX,69741.51
2024-09,F02,Power & Fuel,OPEX,202301.27
2024-09,F02,Transportation,OPEX,81002.38
2024-09,F02,Manpower,OPEX,199465.11
2024-09,F02,HSE & Environment,OPEX,52614.17
2024-09,F02,G&A Allocation,OPEX,84145.52
2024-09,F02,Workover,OPEX,66760.38
2024-09,F03,Well Services,OPEX,216966.99
2024-09,F03,Facility O&M,OPEX,250095.78
2024-09,F03,Chemicals,OPEX,169588.41
2024-09,F03,Power & Fuel,OPEX,353390.69
2024-09,F03,Transportation,OPEX,174376.36
2024-09,F03,Manpower,OPEX,524918.13
2024-09,F03,HSE & Environment,OPEX,107238.63
2024-09,F03,G&A Allocation,OPEX,216710.22
2024-09,F03,Workover,OPEX,104324.7
2024-09,F04,Well Services,OPEX,326215.17
2024-09,F04,Facility O&M,OPEX,286845.26
2024-09,F04,Chemicals,OPEX,211368.86
2024-09,F04,Power & Fuel,OPEX,560153.39
2024-09,F04,Transportation,OPEX,251483.53
2024-09,F04,Manpower,OPEX,515251.03
2024-09,F04,HSE & Environment,OPEX,130248.11
2024-09,F04,G&A Allocation,OPEX,261445.87
2024-09,F04,Workover,OPEX,148918.03
2024-10,F01,Well Services,OPEX,111151.06
2024-10,F01,Facility O&M,OPEX,152077.27
2024-10,F01,Chemicals,OPEX,98316.28
2024-10,F01,Power & Fuel,OPEX,238667.76
2024-10,F01,Transportation,OPEX,94268.85
2024-10,F01,Manpower,OPEX,282460.93
2024-10,F01,HSE & Environment,OPEX,70937.53
2024-10,F01,G&A Allocation,OPEX,101178.04
2024-10,F01,Workover,OPEX,64878.03
2024-10,F02,Well Services,OPEX,120305.59
2024-10,F02,Facility O&M,OPEX,145626.84
2024-10,F02,Chemicals,OPEX,55010.76
2024-10,F02,Power & Fuel,OPEX,160539.17
2024-10,F02,Transportation,OPEX,67220.01
2024-10,F02,Manpower,OPEX,174552.55
2024-10,F02,HSE & Environment,OPEX,55946.41
2024-10,F02,G&A Allocation,OPEX,94484.6
2024-10,F02,Workover,OPEX,64367.53
2024-10,F03,Well Services,OPEX,234170.96
2024-10,F03,Facility O&M,OPEX,302986.64
2024-10,F03,Chemicals,OPEX,183333.18
2024-10,F03,Power & Fuel,OPEX,325850.5
2024-10,F03,Transportation,OPEX,192896.61
2024-10,F03,Manpower,OPEX,384218.89
2024-10,F03,HSE & Environment,OPEX,94018.51
2024-10,F03,G&A Allocation,OPEX,212784.54
2024-10,F03,Workover,OPEX,101386.32
2024-10,F04,Well Services,OPEX,328388.68
2024-10,F04,Facility O&M,OPEX,382512.44
2024-10,F04,Chemicals,OPEX,178100.58
2024-10,F04,Power & Fuel,OPEX,532829.8
2024-10,F04,Transportation,OPEX,194040.96
2024-10,F04,Manpower,OPEX,616941.57
2024-10,F04,HSE & Environment,OPEX,129394.81
2024-10,F04,G&A Allocation,OPEX,317816.17
2024-10,F04,Workover,OPEX,141436.93
2024-11,F01,Well Services,OPEX,105555.66
2024-11,F01,Facility O&M,OPEX,168043.32
2024-11,F01,Chemicals,OPEX,87439.93
2024-11,F01,Power & Fuel,OPEX,242199.8
2024-11,F01,Transportation,OPEX,119221.84
2024-11,F01,Manpower,OPEX,202623.81
2024-11,F01,HSE & Environment,OPEX,49171.3
2024-11,F01,G&A Allocation,OPEX,132318.87
2024-11,F01,Workover,OPEX,71900.89
2024-11,F02,Well Services,OPEX,84848.89
2024-11,F02,Facility O&M,OPEX,96012.1
2024-11,F02,Chemicals,OPEX,61924.42
2024-11,F02,Power & Fuel,OPEX,181442.25
2024-11,F02,Transportation,OPEX,67236.82
2024-11,F02,Manpower,OPEX,213920.04
2024-11,F02,HSE & Environment,OPEX,42507.32
2024-11,F02,G&A Allocation,OPEX,82550.94
2024-11,F02,Drilling,CAPEX,1016407.58
2024-11,F02,Workover,OPEX,52230.27
2024-11,F03,Well Services,OPEX,227232.95
2024-11,F03,Facility O&M,OPEX,288085.11
2024-11,F03,Chemicals,OPEX,168912.93
2024-11,F03,Power & Fuel,OPEX,397067.7
2024-11,F03,Transportation,OPEX,220106.42
2024-11,F03,Manpower,OPEX,408105.44
2024-11,F03,HSE & Environment,OPEX,117160.96
2024-11,F03,G&A Allocation,OPEX,219643.67
2024-11,F03,Facility Upgrade,CAPEX,2181059.86
2024-11,F03,Workover,OPEX,130175.45
2024-11,F04,Well Services,OPEX,271425.45
2024-11,F04,Facility O&M,OPEX,279579.08
2024-11,F04,Chemicals,OPEX,191030.43
2024-11,F04,Power & Fuel,OPEX,461285.71
2024-11,F04,Transportation,OPEX,216426.76
2024-11,F04,Manpower,OPEX,576778.57
2024-11,F04,HSE & Environment,OPEX,124953.29
2024-11,F04,G&A Allocation,OPEX,227840.25
2024-11,F04,Workover,OPEX,132328.05
2024-12,F01,Well Services,OPEX,119526.07
2024-12,F01,Facility O&M,OPEX,126038.88
2024-12,F01,Chemicals,OPEX,79217.73
2024-12,F01,Power & Fuel,OPEX,255995.22
2024-12,F01,Transportation,OPEX,96511.85
2024-12,F01,Manpower,OPEX,275256.46
2024-12,F01,HSE & Environment,OPEX,50072.53
2024-12,F01,G&A Allocation,OPEX,101827.66
2024-12,F01,Workover,OPEX,59962.42
2024-12,F02,Well Services,OPEX,89185.82
2024-12,F02,Facility O&M,OPEX,146766.47
2024-12,F02,Chemicals,OPEX,73424.69
2024-12,F02,Power & Fuel,OPEX,172698.06
2024-12,F02,Transportation,OPEX,76797.41
2024-12,F02,Manpower,OPEX,174502.66
2024-12,F02,HSE & Environment,OPEX,39763.87
2024-12,F02,G&A Allocation,OPEX,104058.38
2024-12,F02,Workover,OPEX,49524.03
2024-12,F03,Well Services,OPEX,202798.44
2024-12,F03,Facility O&M,OPEX,278518.39
2024-12,F03,Chemicals,OPEX,123453.2
2024-12,F03,Power & Fuel,OPEX,311184.17
2024-12,F03,Transportation,OPEX,226805.76
2024-12,F03,Manpower,OPEX,404633.45
2024-12,F03,HSE & Environment,OPEX,115678.81
2024-12,F03,G&A Allocation,OPEX,184553.9
2024-12,F03,Workover,OPEX,120582.48
2024-12,F04,Well Services,OPEX,360635.75
2024-12,F04,Facility O&M,OPEX,397990.26
2024-12,F04,Chemicals,OPEX,255590.27
2024-12,F04,Power & Fuel,OPEX,683384.84
2024-12,F04,Transportation,OPEX,384973.91
2024-12,F04,Manpower,OPEX,809769.98
2024-12,F04,HSE & Environment,OPEX,169929.5
2024-12,F04,G&A Allocation,OPEX,396711.75
2024-12,F04,Workover,OPEX,198663.67
2025-01,F01,Well Services,OPEX,115127.93
2025-01,F01,Facility O&M,OPEX,168544.31
2025-01,F01,Chemicals,OPEX,87121.64
2025-01,F01,Power & Fuel,OPEX,225523.36
2025-01,F01,Transportation,OPEX,89214.71
2025-01,F01,Manpower,OPEX,244215.59
2025-01,F01,HSE & Environment,OPEX,55093.86
2025-01,F01,G&A Allocation,OPEX,94566.98
2025-01,F01,Workover,OPEX,70317.35
2025-01,F02,Well Services,OPEX,104880.09
2025-01,F02,Facility O&M,OPEX,116774.55
2025-01,F02,Chemicals,OPEX,80512.13
2025-01,F02,Power & Fuel,OPEX,186153.22
2025-01,F02,Transportation,OPEX,75534.94
2025-01,F02,Manpower,OPEX,148866.15
2025-01,F02,HSE & Environment,OPEX,38632.12
2025-01,F02,G&A Allocation,OPEX,93480.58
2025-01,F02,Workover,OPEX,52943.23
2025-01,F03,Well Services,OPEX,205476.04
2025-01,F03,Facility O&M,OPEX,302018.83
2025-01,F03,Chemicals,OPEX,162923.07
2025-01,F03,Power & Fuel,OPEX,403527.44
2025-01,F03,Transportation,OPEX,182168.29
2025-01,F03,Manpower,OPEX,426553.48
2025-01,F03,HSE & Environment,OPEX,90984.85
2025-01,F03,G&A Allocation,OPEX,191646.58
2025-01,F03,Workover,OPEX,134260.28
2025-01,F04,Well Services,OPEX,457892.39
2025-01,F04,Facility O&M,OPEX,388637.24
2025-01,F04,Chemicals,OPEX,195888.8
2025-01,F04,Power & Fuel,OPEX,653224.32
2025-01,F04,Transportation,OPEX,361906.33
2025-01,F04,Manpower,OPEX,742401.55
2025-01,F04,HSE & Environment,OPEX,185766.43
2025-01,F04,G&A Allocation,OPEX,395576.37
2025-01,F04,Workover,OPEX,236450.81
2025-02,F01,Well Services,OPEX,111399.73
2025-02,F01,Facility O&M,OPEX,121724.57
2025-02,F01,Chemicals,OPEX,75884.45
2025-02,F01,Power & Fuel,OPEX,213517.38
2025-02,F01,Transportation,OPEX,115414.43
2025-02,F01,Manpower,OPEX,209206.14
2025-02,F01,HSE & Environment,OPEX,48538.12
2025-02,F01,G&A Allocation,OPEX,97910.38
2025-02,F01,Workover,OPEX,52980.51
2025-02,F02,Well Services,OPEX,107073.33
2025-02,F02,Facility O&M,OPEX,90099.99
2025-02,F02,Chemicals,OPEX,51513.92
2025-02,F02,Power & Fuel,OPEX,119192.64
2025-02,F02,Transportation,OPEX,89743.61
2025-02,F02,Manpower,OPEX,184112.16
2025-02,F02,HSE & Environment,OPEX,34174.43
2025-02,F02,G&A Allocation,OPEX,79918.63
2025-02,F02,Workover,OPEX,53977.21
2025-02,F03,Well Services,OPEX,236817.19
2025-02,F03,Facility O&M,OPEX,228878.65
2025-02,F03,Chemicals,OPEX,121893.24
2025-02,F03,Power & Fuel,OPEX,374082.09
2025-02,F03,Transportation,OPEX,159236.65
2025-02,F03,Manpower,OPEX,319858.36
2025-02,F03,HSE & Environment,OPEX,88110.72
2025-02,F03,G&A Allocation,OPEX,208792.63
2025-02,F03,Facility Upgrade,CAPEX,2338739.58
2025-02,F03,Workover,OPEX,88759.53
2025-02,F04,Well Services,OPEX,396105.32
2025-02,F04,Facility O&M,OPEX,449107.31
2025-02,F04,Chemicals,OPEX,215586.4
2025-02,F04,Power & Fuel,OPEX,466783.0
2025-02,F04,Transportation,OPEX,324650.02
2025-02,F04,Manpower,OPEX,521900.79
2025-02,F04,HSE & Environment,OPEX,132767.54
2025-02,F04,G&A Allocation,OPEX,355573.52
2025-02,F04,Workover,OPEX,191257.02
2025-03,F01,Well Services,OPEX,133300.15
2025-03,F01,Facility O&M,OPEX,182148.0
2025-03,F01,Chemicals,OPEX,70531.52
2025-03,F01,Power & Fuel,OPEX,207786.3
2025-03,F01,Transportation,OPEX,128824.43
2025-03,F01,Manpower,OPEX,259412.43
2025-03,F01,HSE & Environment,OPEX,73999.4
2025-03,F01,G&A Allocation,OPEX,138109.73
2025-03,F01,Workover,OPEX,67840.08
2025-03,F02,Well Services,OPEX,101896.5
2025-03,F02,Facility O&M,OPEX,134833.0
2025-03,F02,Chemicals,OPEX,53619.29
2025-03,F02,Power & Fuel,OPEX,184504.6
2025-03,F02,Transportation,OPEX,62836.41
2025-03,F02,Manpower,OPEX,199134.5
2025-03,F02,HSE & Environment,OPEX,42235.53
2025-03,F02,G&A Allocation,OPEX,78258.8
2025-03,F02,Facility Upgrade,CAPEX,821641.82
2025-03,F02,Workover,OPEX,44782.99
2025-03,F03,Well Services,OPEX,235390.65
2025-03,F03,Facility O&M,OPEX,272318.54
2025-03,F03,Chemicals,OPEX,136199.1
2025-03,F03,Power & Fuel,OPEX,399049.6
2025-03,F03,Transportation,OPEX,204158.86
2025-03,F03,Manpower,OPEX,332861.96
2025-03,F03,HSE & Environment,OPEX,105135.14
2025-03,F03,G&A Allocation,OPEX,174460.58
2025-03,F03,Workover,OPEX,135261.36
2025-03,F04,Well Services,OPEX,333920.23
2025-03,F04,Facility O&M,OPEX,418767.33
2025-03,F04,Chemicals,OPEX,265825.54
2025-03,F04,Power & Fuel,OPEX,674569.59
2025-03,F04,Transportation,OPEX,344431.49
2025-03,F04,Manpower,OPEX,501182.21
2025-03,F04,HSE & Environment,OPEX,171367.65
2025-03,F04,G&A Allocation,OPEX,287962.48
2025-03,F04,Workover,OPEX,176869.25
2025-04,F01,Well Services,OPEX,136616.88
2025-04,F01,Facility O&M,OPEX,173340.15
2025-04,F01,Chemicals,OPEX,76121.02
2025-04,F01,Power & Fuel,OPEX,242777.46
2025-04,F01,Transportation,OPEX,89183.1
2025-04,F01,Manpower,OPEX,260889.39
2025-04,F01,HSE & Environment,OPEX,69136.91
2025-04,F01,G&A Allocation,OPEX,102326.39
2025-04,F01,Workover,OPEX,61670.43
2025-04,F02,Well Services,OPEX,104069.7
2025-04,F02,Facility O&M,OPEX,115777.19
2025-04,F02,Chemicals,OPEX,67686.17
2025-04,F02,Power & Fuel,OPEX,137285.37
2025-04,F02,Transportation,OPEX,73864.85
2025-04,F02,Manpower,OPEX,182748.74
2025-04,F02,HSE & Environment,OPEX,44726.16
2025-04,F02,G&A Allocation,OPEX,90232.03
2025-04,F02,Workover,OPEX,62401.67
2025-04,F03,Well Services,OPEX,200693.76
2025-04,F03,Facility O&M,OPEX,257316.32
2025-04,F03,Chemicals,OPEX,157054.72
2025-04,F03,Power & Fuel,OPEX,311009.54
2025-04,F03,Transportation,OPEX,152313.5
2025-04,F03,Manpower,OPEX,389667.32
2025-04,F03,HSE & Environment,OPEX,114407.52
2025-04,F03,G&A Allocation,OPEX,167917.03
2025-04,F03,Workover,OPEX,93692.17
2025-04,F04,Well Services,OPEX,342311.15
2025-04,F04,Facility O&M,OPEX,438262.77
2025-04,F04,Chemicals,OPEX,222714.9
2025-04,F04,Power & Fuel,OPEX,605316.98
2025-04,F04,Transportation,OPEX,274367.64
2025-04,F04,Manpower,OPEX,515989.78
2025-04,F04,HSE & Environment,OPEX,146779.42
2025-04,F04,G&A Allocation,OPEX,280627.69
2025-04,F04,Drilling,CAPEX,4107541.91
2025-04,F04,Workover,OPEX,142461.43
2025-05,F01,Well Services,OPEX,146732.45
2025-05,F01,Facility O&M,OPEX,137011.38
2025-05,F01,Chemicals,OPEX,95732.6
2025-05,F01,Power & Fuel,OPEX,202519.97
2025-05,F01,Transportation,OPEX,109815.81
2025-05,F01,Manpower,OPEX,271118.63
2025-05,F01,HSE & Environment,OPEX,48183.74
2025-05,F01,G&A Allocation,OPEX,124373.26
2025-05,F01,Workover,OPEX,63958.86
2025-05,F02,Well Services,OPEX,95790.07
2025-05,F02,Facility O&M,OPEX,132747.61
2025-05,F02,Chemicals,OPEX,70594.18
2025-05,F02,Power & Fuel,OPEX,167098.41
2025-05,F02,Transportation,OPEX,84876.54
2025-05,F02,Manpower,OPEX,195881.05
2025-05,F02,HSE & Environment,OPEX,48325.89
2025-05,F02,G&A Allocation,OPEX,79241.19
2025-05,F02,Workover,OPEX,42148.59
2025-05,F03,Well Services,OPEX,257454.33
2025-05,F03,Facility O&M,OPEX,296517.64
2025-05,F03,Chemicals,OPEX,108482.36
2025-05,F03,Power & Fuel,OPEX,364750.24
2025-05,F03,Transportation,OPEX,196868.85
2025-05,F03,Manpower,OPEX,396373.96
2025-05,F03,HSE & Environment,OPEX,107885.2
2025-05,F03,G&A Allocation,OPEX,164362.92
2025-05,F03,Workover,OPEX,127593.43
2025-05,F04,Well Services,OPEX,295947.54
2025-05,F04,Facility O&M,OPEX,350184.56
2025-05,F04,Chemicals,OPEX,198627.51
2025-05,F04,Power & Fuel,OPEX,599517.38
2025-05,F04,Transportation,OPEX,314204.95
2025-05,F04,Manpower,OPEX,622449.75
2025-05,F04,HSE & Environment,OPEX,183968.68
2025-05,F04,G&A Allocation,OPEX,339249.07
2025-05,F04,Workover,OPEX,205088.03
2025-06,F01,Well Services,OPEX,113817.15
2025-06,F01,Facility O&M,OPEX,130178.02
2025-06,F01,Chemicals,OPEX,82322.17
2025-06,F01,Power & Fuel,OPEX,219890.8
2025-06,F01,Transportation,OPEX,104193.59
2025-06,F01,Manpower,OPEX,258653.25
2025-06,F01,HSE & Environment,OPEX,55428.59
2025-06,F01,G&A Allocation,OPEX,102435.09
2025-06,F01,Workover,OPEX,73902.48
2025-06,F02,Well Services,OPEX,78891.31
2025-06,F02,Facility O&M,OPEX,123800.06
2025-06,F02,Chemicals,OPEX,66549.97
2025-06,F02,Power & Fuel,OPEX,159502.85
2025-06,F02,Transportation,OPEX,72086.56
2025-06,F02,Manpower,OPEX,159412.49
2025-06,F02,HSE & Environment,OPEX,43240.1
2025-06,F02,G&A Allocation,OPEX,91061.91
2025-06,F02,Workover,OPEX,43635.17
2025-06,F03,Well Services,OPEX,192230.86
2025-06,F03,Facility O&M,OPEX,294972.37
2025-06,F03,Chemicals,OPEX,148536.21
2025-06,F03,Power & Fuel,OPEX,404524.65
2025-06,F03,Transportation,OPEX,190488.6
2025-06,F03,Manpower,OPEX,391082.93
2025-06,F03,HSE & Environment,OPEX,89143.32
2025-06,F03,G&A Allocation,OPEX,148159.7
2025-06,F03,Workover,OPEX,123793.22
2025-06,F04,Well Services,OPEX,361347.47
2025-06,F04,Facility O&M,OPEX,310990.13
2025-06,F04,Chemicals,OPEX,168450.25
2025-06,F04,Power & Fuel,OPEX,620063.11
2025-06,F04,Transportation,OPEX,288817.5
2025-06,F04,Manpower,OPEX,705461.72
2025-06,F04,HSE & Environment,OPEX,121827.06
2025-06,F04,G&A Allocation,OPEX,248333.13
2025-06,F04,Workover,OPEX,207099.95
2025-07,F01,Well Services,OPEX,121061.18
2025-07,F01,Facility O&M,OPEX,164076.88
2025-07,F01,Chemicals,OPEX,95654.46
2025-07,F01,Power & Fuel,OPEX,163465.37
2025-07,F01,Transportation,OPEX,83989.27
2025-07,F01,Manpower,OPEX,186208.7
2025-07,F01,HSE & Environment,OPEX,46583.05
2025-07,F01,G&A Allocation,OPEX,117776.98
2025-07,F01,Workover,OPEX,67669.03
2025-07,F02,Well Services,OPEX,81472.05
2025-07,F02,Facility O&M,OPEX,135225.45
2025-07,F02,Chemicals,OPEX,78513.2
2025-07,F02,Power & Fuel,OPEX,192036.44
2025-07,F02,Transportation,OPEX,88313.62
2025-07,F02,Manpower,OPEX,165504.47
2025-07,F02,HSE & Environment,OPEX,50473.71
2025-07,F02,G&A Allocation,OPEX,103382.31
2025-07,F02,Workover,OPEX,45507.59
2025-07,F03,Well Services,OPEX,184373.86
2025-07,F03,Facility O&M,OPEX,298053.41
2025-07,F03,Chemicals,OPEX,115357.42
2025-07,F03,Power & Fuel,OPEX,391599.92
2025-07,F03,Transportation,OPEX,160338.02
2025-07,F03,Manpower,OPEX,329230.83
2025-07,F03,HSE & Environment,OPEX,98342.65
2025-07,F03,G&A Allocation,OPEX,179278.24
2025-07,F03,Workover,OPEX,123179.56
2025-07,F04,Well Services,OPEX,364506.4
2025-07,F04,Facility O&M,OPEX,357388.26
2025-07,F04,Chemicals,OPEX,184385.85
2025-07,F04,Power & Fuel,OPEX,425199.53
2025-07,F04,Transportation,OPEX,284996.3
2025-07,F04,Manpower,OPEX,539900.12
2025-07,F04,HSE & Environment,OPEX,155419.41
2025-07,F04,G&A Allocation,OPEX,330211.45
2025-07,F04,Workover,OPEX,164832.68
2025-08,F01,Well Services,OPEX,136351.14
2025-08,F01,Facility O&M,OPEX,145487.07
2025-08,F01,Chemicals,OPEX,83869.88
2025-08,F01,Power & Fuel,OPEX,178080.52
2025-08,F01,Transportation,OPEX,80062.93
2025-08,F01,Manpower,OPEX,221689.81
2025-08,F01,HSE & Environment,OPEX,65244.54
2025-08,F01,G&A Allocation,OPEX,121857.37
2025-08,F01,Workover,OPEX,55154.99
2025-08,F02,Well Services,OPEX,111768.72
2025-08,F02,Facility O&M,OPEX,133060.74
2025-08,F02,Chemicals,OPEX,65665.11
2025-08,F02,Power & Fuel,OPEX,186550.26
2025-08,F02,Transportation,OPEX,80228.74
2025-08,F02,Manpower,OPEX,164226.64
2025-08,F02,HSE & Environment,OPEX,42771.74
2025-08,F02,G&A Allocation,OPEX,91997.09
2025-08,F02,Workover,OPEX,55976.44
2025-08,F03,Well Services,OPEX,208512.52
2025-08,F03,Facility O&M,OPEX,281621.7
2025-08,F03,Chemicals,OPEX,138561.88
2025-08,F03,Power & Fuel,OPEX,320078.8
2025-08,F03,Transportation,OPEX,152813.88
2025-08,F03,Manpower,OPEX,363101.98
2025-08,F03,HSE & Environment,OPEX,95858.21
2025-08,F03,G&A Allocation,OPEX,223210.9
2025-08,F03,Workover,OPEX,129665.15
2025-08,F04,Well Services,OPEX,372678.56
2025-08,F04,Facility O&M,OPEX,433545.47
2025-08,F04,Chemicals,OPEX,232498.03
2025-08,F04,Power & Fuel,OPEX,583861.15
2025-08,F04,Transportation,OPEX,213052.7
2025-08,F04,Manpower,OPEX,643850.8
2025-08,F04,HSE & Environment,OPEX,128558.74
2025-08,F04,G&A Allocation,OPEX,239539.23
2025-08,F04,Workover,OPEX,210328.6
2025-09,F01,Well Services,OPEX,126938.3
2025-09,F01,Facility O&M,OPEX,148093.87
2025-09,F01,Chemicals,OPEX,63573.43
2025-09,F01,Power & Fuel,OPEX,159434.1
2025-09,F01,Transportation,OPEX,106371.43
2025-09,F01,Manpower,OPEX,240467.36
2025-09,F01,HSE & Environment,OPEX,48531.85
2025-09,F01,G&A Allocation,OPEX,90583.21
2025-09,F01,Drilling,CAPEX,4629009.04
2025-09,F01,Facility Upgrade,CAPEX,1735101.34
2025-09,F01,Workover,OPEX,48032.3
2025-09,F02,Well Services,OPEX,112087.66
2025-09,F02,Facility O&M,OPEX,117390.41
2025-09,F02,Chemicals,OPEX,64670.71
2025-09,F02,Power & Fuel,OPEX,154130.24
2025-09,F02,Transportation,OPEX,74659.13
2025-09,F02,Manpower,OPEX,172385.47
2025-09,F02,HSE & Environment,OPEX,47680.83
2025-09,F02,G&A Allocation,OPEX,70579.74
2025-09,F02,Drilling,CAPEX,2201253.83
2025-09,F02,Workover,OPEX,51625.23
2025-09,F03,Well Services,OPEX,233536.34
2025-09,F03,Facility O&M,OPEX,225334.14
2025-09,F03,Chemicals,OPEX,113244.56
2025-09,F03,Power & Fuel,OPEX,326026.84
2025-09,F03,Transportation,OPEX,134901.41
2025-09,F03,Manpower,OPEX,361996.8
2025-09,F03,HSE & Environment,OPEX,101563.41
2025-09,F03,G&A Allocation,OPEX,209533.32
2025-09,F03,Workover,OPEX,102835.21
2025-09,F04,Well Services,OPEX,335427.56
2025-09,F04,Facility O&M,OPEX,304253.74
2025-09,F04,Chemicals,OPEX,181122.65
2025-09,F04,Power & Fuel,OPEX,555403.02
2025-09,F04,Transportation,OPEX,252786.54
2025-09,F04,Manpower,OPEX,621392.93
2025-09,F04,HSE & Environment,OPEX,117168.05
2025-09,F04,G&A Allocation,OPEX,266278.44
2025-09,F04,Workover,OPEX,152337.67
2025-10,F01,Well Services,OPEX,98465.06
2025-10,F01,Facility O&M,OPEX,147998.9
2025-10,F01,Chemicals,OPEX,93483.49
2025-10,F01,Power & Fuel,OPEX,231923.56
2025-10,F01,Transportation,OPEX,101146.86
2025-10,F01,Manpower,OPEX,201381.47
2025-10,F01,HSE & Environment,OPEX,57691.87
2025-10,F01,G&A Allocation,OPEX,107074.24
2025-10,F01,Facility Upgrade,CAPEX,1380289.21
2025-10,F01,Workover,OPEX,68732.42
2025-10,F02,Well Services,OPEX,99850.24
2025-10,F02,Facility O&M,OPEX,121887.79
2025-10,F02,Chemicals,OPEX,57314.55
2025-10,F02,Power & Fuel,OPEX,161133.25
2025-10,F02,Transportation,OPEX,61142.27
2025-10,F02,Manpower,OPEX,176587.24
2025-10,F02,HSE & Environment,OPEX,37716.04
2025-10,F02,G&A Allocation,OPEX,89596.03
2025-10,F02,Workover,OPEX,43545.05
2025-10,F03,Well Services,OPEX,205875.44
2025-10,F03,Facility O&M,OPEX,257938.11
2025-10,F03,Chemicals,OPEX,137046.56
2025-10,F03,Power & Fuel,OPEX,288883.78
2025-10,F03,Transportation,OPEX,160188.04
2025-10,F03,Manpower,OPEX,395326.89
2025-10,F03,HSE & Environment,OPEX,105736.66
2025-10,F03,G&A Allocation,OPEX,183908.01
2025-10,F03,Facility Upgrade,CAPEX,3845120.98
2025-10,F03,Workover,OPEX,81691.03
2025-10,F04,Well Services,OPEX,361490.62
2025-10,F04,Facility O&M,OPEX,339593.5
2025-10,F04,Chemicals,OPEX,178868.33
2025-10,F04,Power & Fuel,OPEX,542802.6
2025-10,F04,Transportation,OPEX,222541.72
2025-10,F04,Manpower,OPEX,549939.9
2025-10,F04,HSE & Environment,OPEX,114715.78
2025-10,F04,G&A Allocation,OPEX,328171.2
2025-10,F04,Workover,OPEX,132271.47
2025-11,F01,Well Services,OPEX,106545.62
2025-11,F01,Facility O&M,OPEX,121198.67
2025-11,F01,Chemicals,OPEX,68619.7
2025-11,F01,Power & Fuel,OPEX,162751.59
2025-11,F01,Transportation,OPEX,71442.49
2025-11,F01,Manpower,OPEX,199751.29
2025-11,F01,HSE & Environment,OPEX,48373.83
2025-11,F01,G&A Allocation,OPEX,96362.92
2025-11,F01,Workover,OPEX,53258.53
2025-11,F02,Well Services,OPEX,112320.15
2025-11,F02,Facility O&M,OPEX,112418.42
2025-11,F02,Chemicals,OPEX,49652.47
2025-11,F02,Power & Fuel,OPEX,190666.38
2025-11,F02,Transportation,OPEX,89457.15
2025-11,F02,Manpower,OPEX,143279.36
2025-11,F02,HSE & Environment,OPEX,44017.6
2025-11,F02,G&A Allocation,OPEX,76745.67
2025-11,F02,Drilling,CAPEX,4635494.76
2025-11,F02,Workover,OPEX,46279.48
2025-11,F03,Well Services,OPEX,175092.41
2025-11,F03,Facility O&M,OPEX,256688.9
2025-11,F03,Chemicals,OPEX,122090.63
2025-11,F03,Power & Fuel,OPEX,342837.59
2025-11,F03,Transportation,OPEX,156127.54
2025-11,F03,Manpower,OPEX,365223.8
2025-11,F03,HSE & Environment,OPEX,88611.19
2025-11,F03,G&A Allocation,OPEX,147352.67
2025-11,F03,Workover,OPEX,113121.17
2025-11,F04,Well Services,OPEX,306874.66
2025-11,F04,Facility O&M,OPEX,353738.18
2025-11,F04,Chemicals,OPEX,171560.94
2025-11,F04,Power & Fuel,OPEX,454545.1
2025-11,F04,Transportation,OPEX,245183.84
2025-11,F04,Manpower,OPEX,521104.39
2025-11,F04,HSE & Environment,OPEX,140777.44
2025-11,F04,G&A Allocation,OPEX,291315.03
2025-11,F04,Workover,OPEX,171166.86
2025-12,F01,Well Services,OPEX,104046.45
2025-12,F01,Facility O&M,OPEX,130796.79
2025-12,F01,Chemicals,OPEX,78698.1
2025-12,F01,Power & Fuel,OPEX,178219.68
2025-12,F01,Transportation,OPEX,91507.08
2025-12,F01,Manpower,OPEX,238721.95
2025-12,F01,HSE & Environment,OPEX,55343.43
2025-12,F01,G&A Allocation,OPEX,108727.09
2025-12,F01,Workover,OPEX,55389.8
2025-12,F02,Well Services,OPEX,121689.86
2025-12,F02,Facility O&M,OPEX,100911.79
2025-12,F02,Chemicals,OPEX,59376.68
2025-12,F02,Power & Fuel,OPEX,141842.67
2025-12,F02,Transportation,OPEX,77283.64
2025-12,F02,Manpower,OPEX,189193.56
2025-12,F02,HSE & Environment,OPEX,36800.76
2025-12,F02,G&A Allocation,OPEX,81596.03
2025-12,F02,Workover,OPEX,61761.06
2025-12,F03,Well Services,OPEX,166080.84
2025-12,F03,Facility O&M,OPEX,263110.42
2025-12,F03,Chemicals,OPEX,115438.27
2025-12,F03,Power & Fuel,OPEX,265582.84
2025-12,F03,Transportation,OPEX,157273.92
2025-12,F03,Manpower,OPEX,407508.74
2025-12,F03,HSE & Environment,OPEX,96522.6
2025-12,F03,G&A Allocation,OPEX,190202.42
2025-12,F03,Workover,OPEX,90210.7
2025-12,F04,Well Services,OPEX,267643.36
2025-12,F04,Facility O&M,OPEX,349594.93
2025-12,F04,Chemicals,OPEX,177028.43
2025-12,F04,Power & Fuel,OPEX,476127.61
2025-12,F04,Transportation,OPEX,266402.92
2025-12,F04,Manpower,OPEX,412720.04
2025-12,F04,HSE & Environment,OPEX,102960.71
2025-12,F04,G&A Allocation,OPEX,248600.84
2025-12,F04,Workover,OPEX,150078.42
2026-01,F01,Well Services,OPEX,97204.86
2026-01,F01,Facility O&M,OPEX,104149.56
2026-01,F01,Chemicals,OPEX,59965.85
2026-01,F01,Power & Fuel,OPEX,137858.03
2026-01,F01,Transportation,OPEX,90037.97
2026-01,F01,Manpower,OPEX,206312.47
2026-01,F01,HSE & Environment,OPEX,50964.99
2026-01,F01,G&A Allocation,OPEX,111936.94
2026-01,F01,Workover,OPEX,55419.95
2026-01,F02,Well Services,OPEX,86096.16
2026-01,F02,Facility O&M,OPEX,108822.07
2026-01,F02,Chemicals,OPEX,52466.23
2026-01,F02,Power & Fuel,OPEX,127675.09
2026-01,F02,Transportation,OPEX,81247.08
2026-01,F02,Manpower,OPEX,146163.91
2026-01,F02,HSE & Environment,OPEX,43693.93
2026-01,F02,G&A Allocation,OPEX,86718.67
2026-01,F02,Workover,OPEX,53050.08
2026-01,F03,Well Services,OPEX,201727.82
2026-01,F03,Facility O&M,OPEX,264404.49
2026-01,F03,Chemicals,OPEX,135237.09
2026-01,F03,Power & Fuel,OPEX,263982.55
2026-01,F03,Transportation,OPEX,162520.54
2026-01,F03,Manpower,OPEX,401871.09
2026-01,F03,HSE & Environment,OPEX,74516.83
2026-01,F03,G&A Allocation,OPEX,203001.89
2026-01,F03,Facility Upgrade,CAPEX,783720.54
2026-01,F03,Workover,OPEX,115641.0
2026-01,F04,Well Services,OPEX,279539.89
2026-01,F04,Facility O&M,OPEX,308598.37
2026-01,F04,Chemicals,OPEX,185270.15
2026-01,F04,Power & Fuel,OPEX,460661.17
2026-01,F04,Transportation,OPEX,261111.2
2026-01,F04,Manpower,OPEX,561108.0
2026-01,F04,HSE & Environment,OPEX,121221.28
2026-01,F04,G&A Allocation,OPEX,250747.09
2026-01,F04,Workover,OPEX,146316.81
2026-02,F01,Well Services,OPEX,97468.51
2026-02,F01,Facility O&M,OPEX,118553.83
2026-02,F01,Chemicals,OPEX,69880.27
2026-02,F01,Power & Fuel,OPEX,144020.03
2026-02,F01,Transportation,OPEX,80465.19
2026-02,F01,Manpower,OPEX,213675.36
2026-02,F01,HSE & Environment,OPEX,42797.73
2026-02,F01,G&A Allocation,OPEX,83077.29
2026-02,F01,Workover,OPEX,52607.92
2026-02,F02,Well Services,OPEX,85640.95
2026-02,F02,Facility O&M,OPEX,115622.95
2026-02,F02,Chemicals,OPEX,56699.84
2026-02,F02,Power & Fuel,OPEX,147969.42
2026-02,F02,Transportation,OPEX,57884.75
2026-02,F02,Manpower,OPEX,165026.51
2026-02,F02,HSE & Environment,OPEX,33589.9
2026-02,F02,G&A Allocation,OPEX,70587.71
2026-02,F02,Workover,OPEX,36899.77
2026-02,F03,Well Services,OPEX,165274.72
2026-02,F03,Facility O&M,OPEX,181744.74
2026-02,F03,Chemicals,OPEX,116495.44
2026-02,F03,Power & Fuel,OPEX,225331.56
2026-02,F03,Transportation,OPEX,128228.02
2026-02,F03,Manpower,OPEX,252915.0
2026-02,F03,HSE & Environment,OPEX,84706.99
2026-02,F03,G&A Allocation,OPEX,165054.68
2026-02,F03,Workover,OPEX,104865.94
2026-02,F04,Well Services,OPEX,255740.55
2026-02,F04,Facility O&M,OPEX,277491.88
2026-02,F04,Chemicals,OPEX,140314.53
2026-02,F04,Power & Fuel,OPEX,389347.24
2026-02,F04,Transportation,OPEX,193098.72
2026-02,F04,Manpower,OPEX,416554.26
2026-02,F04,HSE & Environment,OPEX,106851.36
2026-02,F04,G&A Allocation,OPEX,191702.38
2026-02,F04,Drilling,CAPEX,1857291.65
2026-02,F04,Workover,OPEX,97726.87
2026-03,F01,Well Services,OPEX,119846.69
2026-03,F01,Facility O&M,OPEX,135643.9
2026-03,F01,Chemicals,OPEX,64477.83
2026-03,F01,Power & Fuel,OPEX,138866.31
2026-03,F01,Transportation,OPEX,99909.31
2026-03,F01,Manpower,OPEX,213249.95
2026-03,F01,HSE & Environment,OPEX,56212.75
2026-03,F01,G&A Allocation,OPEX,93840.66
2026-03,F01,Facility Upgrade,CAPEX,3554535.96
2026-03,F01,Workover,OPEX,56059.96
2026-03,F02,Well Services,OPEX,97193.66
2026-03,F02,Facility O&M,OPEX,100954.2
2026-03,F02,Chemicals,OPEX,68944.61
2026-03,F02,Power & Fuel,OPEX,137736.86
2026-03,F02,Transportation,OPEX,67899.31
2026-03,F02,Manpower,OPEX,133345.39
2026-03,F02,HSE & Environment,OPEX,36983.67
2026-03,F02,G&A Allocation,OPEX,69141.22
2026-03,F02,Workover,OPEX,44428.8
2026-03,F03,Well Services,OPEX,173894.5
2026-03,F03,Facility O&M,OPEX,250615.92
2026-03,F03,Chemicals,OPEX,113724.75
2026-03,F03,Power & Fuel,OPEX,283445.34
2026-03,F03,Transportation,OPEX,167830.27
2026-03,F03,Manpower,OPEX,403537.32
2026-03,F03,HSE & Environment,OPEX,92479.11
2026-03,F03,G&A Allocation,OPEX,145064.42
2026-03,F03,Drilling,CAPEX,2757366.5
2026-03,F03,Workover,OPEX,107460.7
2026-03,F04,Well Services,OPEX,313689.89
2026-03,F04,Facility O&M,OPEX,295083.85
2026-03,F04,Chemicals,OPEX,147926.89
2026-03,F04,Power & Fuel,OPEX,381670.54
2026-03,F04,Transportation,OPEX,203067.35
2026-03,F04,Manpower,OPEX,384193.21
2026-03,F04,HSE & Environment,OPEX,122616.97
2026-03,F04,G&A Allocation,OPEX,197530.06
2026-03,F04,Workover,OPEX,132109.01
2026-04,F01,Well Services,OPEX,118839.09
2026-04,F01,Facility O&M,OPEX,136515.54
2026-04,F01,Chemicals,OPEX,68210.52
2026-04,F01,Power & Fuel,OPEX,154836.29
2026-04,F01,Transportation,OPEX,74843.18
2026-04,F01,Manpower,OPEX,193219.09
2026-04,F01,HSE & Environment,OPEX,44752.18
2026-04,F01,G&A Allocation,OPEX,118011.86
2026-04,F01,Workover,OPEX,51908.8
2026-04,F02,Well Services,OPEX,97486.31
2026-04,F02,Facility O&M,OPEX,115789.89
2026-04,F02,Chemicals,OPEX,41148.05
2026-04,F02,Power & Fuel,OPEX,121624.76
2026-04,F02,Transportation,OPEX,50631.38
2026-04,F02,Manpower,OPEX,166857.49
2026-04,F02,HSE & Environment,OPEX,43950.98
2026-04,F02,G&A Allocation,OPEX,64313.33
2026-04,F02,Drilling,CAPEX,2542175.83
2026-04,F02,Workover,OPEX,39142.77
2026-04,F03,Well Services,OPEX,185794.53
2026-04,F03,Facility O&M,OPEX,237487.4
2026-04,F03,Chemicals,OPEX,112624.38
2026-04,F03,Power & Fuel,OPEX,328354.08
2026-04,F03,Transportation,OPEX,147983.37
2026-04,F03,Manpower,OPEX,371433.17
2026-04,F03,HSE & Environment,OPEX,74079.84
2026-04,F03,G&A Allocation,OPEX,133656.46
2026-04,F03,Workover,OPEX,105200.52
2026-04,F04,Well Services,OPEX,245809.61
2026-04,F04,Facility O&M,OPEX,255674.94
2026-04,F04,Chemicals,OPEX,120598.6
2026-04,F04,Power & Fuel,OPEX,331021.38
2026-04,F04,Transportation,OPEX,201992.99
2026-04,F04,Manpower,OPEX,463437.31
2026-04,F04,HSE & Environment,OPEX,126036.62
2026-04,F04,G&A Allocation,OPEX,225859.04
2026-04,F04,Workover,OPEX,107641.15
2026-05,F01,Well Services,OPEX,87639.83
2026-05,F01,Facility O&M,OPEX,132951.31
2026-05,F01,Chemicals,OPEX,58864.3
2026-05,F01,Power & Fuel,OPEX,177737.2
2026-05,F01,Transportation,OPEX,70218.68
2026-05,F01,Manpower,OPEX,203939.78
2026-05,F01,HSE & Environment,OPEX,48240.05
2026-05,F01,G&A Allocation,OPEX,100085.69
2026-05,F01,Drilling,CAPEX,2624870.65
2026-05,F01,Workover,OPEX,49459.77
2026-05,F02,Well Services,OPEX,113356.22
2026-05,F02,Facility O&M,OPEX,134094.42
2026-05,F02,Chemicals,OPEX,65974.13
2026-05,F02,Power & Fuel,OPEX,142046.82
2026-05,F02,Transportation,OPEX,72973.29
2026-05,F02,Manpower,OPEX,175671.64
2026-05,F02,HSE & Environment,OPEX,36633.26
2026-05,F02,G&A Allocation,OPEX,83785.25
2026-05,F02,Workover,OPEX,46858.81
2026-05,F03,Well Services,OPEX,188014.14
2026-05,F03,Facility O&M,OPEX,213793.82
2026-05,F03,Chemicals,OPEX,125148.32
2026-05,F03,Power & Fuel,OPEX,276636.69
2026-05,F03,Transportation,OPEX,129957.25
2026-05,F03,Manpower,OPEX,382978.09
2026-05,F03,HSE & Environment,OPEX,72078.04
2026-05,F03,G&A Allocation,OPEX,174537.46
2026-05,F03,Workover,OPEX,100487.6
2026-05,F04,Well Services,OPEX,220819.37
2026-05,F04,Facility O&M,OPEX,355709.25
2026-05,F04,Chemicals,OPEX,184234.15
2026-05,F04,Power & Fuel,OPEX,398064.04
2026-05,F04,Transportation,OPEX,197322.35
2026-05,F04,Manpower,OPEX,427132.99
2026-05,F04,HSE & Environment,OPEX,95855.22
2026-05,F04,G&A Allocation,OPEX,232004.23
2026-05,F04,Workover,OPEX,130033.31
2026-06,F01,Well Services,OPEX,96229.35
2026-06,F01,Facility O&M,OPEX,127910.46
2026-06,F01,Chemicals,OPEX,71336.01
2026-06,F01,Power & Fuel,OPEX,149376.07
2026-06,F01,Transportation,OPEX,74895.02
2026-06,F01,Manpower,OPEX,165534.48
2026-06,F01,HSE & Environment,OPEX,45421.84
2026-06,F01,G&A Allocation,OPEX,79285.54
2026-06,F01,Workover,OPEX,49870.54
2026-06,F02,Well Services,OPEX,100731.92
2026-06,F02,Facility O&M,OPEX,112730.83
2026-06,F02,Chemicals,OPEX,46838.24
2026-06,F02,Power & Fuel,OPEX,166651.71
2026-06,F02,Transportation,OPEX,74286.39
2026-06,F02,Manpower,OPEX,178847.57
2026-06,F02,HSE & Environment,OPEX,34943.4
2026-06,F02,G&A Allocation,OPEX,92223.48
2026-06,F02,Workover,OPEX,48011.27
2026-06,F03,Well Services,OPEX,152452.17
2026-06,F03,Facility O&M,OPEX,203445.49
2026-06,F03,Chemicals,OPEX,127977.49
2026-06,F03,Power & Fuel,OPEX,317808.79
2026-06,F03,Transportation,OPEX,154041.95
2026-06,F03,Manpower,OPEX,406198.84
2026-06,F03,HSE & Environment,OPEX,92255.68
2026-06,F03,G&A Allocation,OPEX,131100.59
2026-06,F03,Workover,OPEX,78889.18
2026-06,F04,Well Services,OPEX,220054.69
2026-06,F04,Facility O&M,OPEX,285048.77
2026-06,F04,Chemicals,OPEX,150979.92
2026-06,F04,Power & Fuel,OPEX,374261.12
2026-06,F04,Transportation,OPEX,204855.94
2026-06,F04,Manpower,OPEX,446699.04
2026-06,F04,HSE & Environment,OPEX,105416.9
2026-06,F04,G&A Allocation,OPEX,192259.04
2026-06,F04,Facility Upgrade,CAPEX,2444199.63
2026-06,F04,Workover,OPEX,114490.57
